Uploaded_Image,Selected_Outfit
indir1.jpg,00031d7446679777cd398d386b1caffb
indir.jpg,002e786139137c9910de3bc46c88a258
indir1.jpg,001195c9075fb1167a950f713bf5121d
indir1.jpg,00031d7446679777cd398d386b1caffb
indir.jpg,00057f3359663ace5b078a01e2aab61c
indir.jpg,00057f3359663ace5b078a01e2aab61c
indir.jpg,0057efdbeb6f24334aa369f64eba8c15
indir.jpg,0044e878db839b5caec95d28cd63e793
indir.jpg,002e786139137c9910de3bc46c88a258
indir1.jpg,001195c9075fb1167a950f713bf5121d
indir.jpg,002e786139137c9910de3bc46c88a258
0112510034512540000_200_1.jpg,002a37a1eaa7ddb48b49ad4ec5df4a89
0112510034512540000_200_1.jpg,002a37a1eaa7ddb48b49ad4ec5df4a89
indir1.jpg,0006802e75adc2060fdc382a1e45419f
indir.jpg,0044e878db839b5caec95d28cd63e793
indir1.jpg,004bf88051b16ac3383bba32ba92c8cd
indir1.jpg,005f71a8cb9af25798b18db776be25e6
indir.jpg,005b30ccc6bbec718940631ad5094e2a
0112510034512540000_200_1.jpg,002a37a1eaa7ddb48b49ad4ec5df4a89
indir.jpg,005b30ccc6bbec718940631ad5094e2a
0112510034512540000_200_1.jpg,0038866aa6d5939fbc717dc72fe00319
0112510034512540000_200_1.jpg,0042591e26843a15f3a0301740343ec5
0112510034512540000_200_1.jpg,002a37a1eaa7ddb48b49ad4ec5df4a89
